EVO Year + Series,Game,Tournament Round,Format,P1,P1 Score,P1 Char,P1 Team,P1 Country,P2,P2 Score,P2 Char,P2 Team,P2 Country,Winner,Special Condition
Championship 2005,Tekken 5,Losers R1,FT2,Hato,2,Bryan,None,JP,Arario,0,Steve/Jack-5,None,US,Hato,Character Switch
Championship 2005,Tekken 5,Losers R1,FT2,TARE,0,Ganryu,None,JP,jra64,2,Nina,None,US,jra64,None
Championship 2005,Tekken 5,Losers R2,FT2,Hato,0,Bryan,None,JP,Yuu,2,Feng,None,JP,Yuu,None
Championship 2005,Tekken 5,Losers R2,FT2,Mishimaster,0,Heihachi,None,JP,jra64,2,Nina,None,US,jra64,None
Championship 2005,Tekken 5,Losers R3,FT2,Yuu,2,Feng,None,JP,jra64,0,Nina,None,US,Yuu,None
Championship 2005,Tekken 5,Losers Finals,FT2,MadDogJin,1,Steve,None,KR,Yuu,2,Feng,None,JP,Yuu,None
Championship 2005,Tekken 5,Semifinals,FT2,MadDogJin,2,Steve,None,KR,Mishimaster,1,Heihachi,None,JP,MadDogJin,None
Championship 2005,Tekken 5,Semifinals,FT2,Crow,2,Steve,None,US,Yuu,1,Feng,None,JP,Crow,None
Championship 2005,Tekken 5,Winners Finals,FT2,MadDogJin,0,Steve,None,KR,Crow,2,Steve,None,US,Crow,None
Championship 2005,Tekken 5,Grand Finals,FT2,Crow,2,Steve,None,US,Yuu,1,Feng,None,JP,Crow,None
Championship 2006,Tekken 5,Losers R1,FT2,jra64,2,Steve,None,US,Jacky Tran,0,Nina,None,US,jra64,None
Championship 2006,Tekken 5,Losers R1,FT2,JinMaster,2,Nina,None,US,Arario,1,Nina,None,US,JinMaster,None
Championship 2006,Tekken 5,Losers R2,FT2,jra64,2,Steve,None,US,Filthy Rich,0,Heihachi,None,US,jra64,None
Championship 2006,Tekken 5,Losers R2,FT2,Justin Wong,2,Feng,None,US,JinMaster,0,Nina,None,US,Justin Wong,None
Championship 2006,Tekken 5,Losers R3,FT2,jra64,2,Steve,None,US,Justin Wong,0,Feng,None,US,jra64,None
Championship 2006,Tekken 5,Losers Finals,FT2,Bronson Tran,2,Ganryu,None,US,jra64,0,Steve/Roger Jr.,None,US,Bronson Tran,Character Switch
Championship 2006,Tekken 5,Semifinals,FT2,Crow,2,Steve,None,US,Justin Wong,0,Feng,None,US,Crow,None
Championship 2006,Tekken 5,Semifinals,FT2,Filthy Rich,1,Heihachi,None,US,Bronson Tran,2,Ganryu,None,US,Bronson Tran,None
Championship 2006,Tekken 5,Winners Finals,FT2,Crow,2,Steve,None,US,Bronson Tran,1,Ganryu,None,US,Crow,None
Championship 2006,Tekken 5,Grand Finals,FT3,Crow,3,Steve,None,US,Bronson Tran,0,Ganryu,None,US,Crow,None
Championship 2007,Tekken 5 DR,Losers R1,FT2,Mr. NAPS (Jimmyjtran),0,Bryan,None,US,Kane,2,Devil Jin,None,US,Kane,None
Championship 2007,Tekken 5 DR,Losers R1,FT2,Slips,2,Eddy Gordo,None,US,725,0,Steve,None,US,Slips,None
Championship 2007,Tekken 5 DR,Losers R2,FT2,Filthy Rich,0,Heihachi,None,US,Kane,2,Devil Jin,None,US,Kane,None
Championship 2007,Tekken 5 DR,Losers R2,FT2,Arario,2,Jack-5,None,US,Slips,1,Eddy,None,US,Arario,None
Championship 2007,Tekken 5 DR,Losers R3,FT2,Kane,1,Devil Jin,None,US,Arario,2,Jack-5,None,US,Arario,None
Championship 2007,Tekken 5 DR,Losers Finals,FT2,Bronson Tran,0,Ganryu,None,US,Arario,2,Jack-5,None,US,Arario,None
Championship 2007,Tekken 5 DR,Semifinals,FT2,Spero Gin,2,Eddy Gordo,None,US,Filthy Rich,1,Heihachi,None,US,Spero Gin,None
Championship 2007,Tekken 5 DR,Semifinals,FT2,Bronson Tran,1,Ganryu,None,US,Arario,2,Jack-5,None,US,Arario,None
Championship 2007,Tekken 5 DR,Winners Finals,FT2,Spero Gin,2,Eddy Gordo,None,US,Bronson Tran,1,Ganryu,None,US,Spero Gin,None
Championship 2007,Tekken 5 DR,Grand Finals,FT3,Spero Gin,1,Eddy Gordo,None,US,Arario,3,Jack-5,None,US,Arario,Reset
Championship 2007,Tekken 5 DR,Grand Finals,FT3,Spero Gin,1,Eddy Gordo,None,US,Arario,3,Jack-5,None,US,Arario,None
Championship 2008,Tekken 5 DR,Losers R1,FT2,VFanatic,2,King,None,US,Rip,1,Marshall Law,None,US,VFanatic,None
Championship 2008,Tekken 5 DR,Losers R1,FT2,Som,0,Feng,None,US,Cano,2,Eddy Gordo,None,US,Cano,None
Championship 2008,Tekken 5 DR,Losers R2,FT2,Lingmassacre,1,Xiaoyu,None,US,VFanatic,2,King,None,US,VFanatic,None
Championship 2008,Tekken 5 DR,Losers R2,FT2,Dj Kor,0,Ganryu,None,US,Cano,2,Eddy Gordo,None,US,Cano,None
Championship 2008,Tekken 5 DR,Losers R3,FT2,VFanatic,0,King,None,US,Cano,2,Eddy Gordo,None,US,Cano,None
Championship 2008,Tekken 5 DR,Losers Finals,FT2,Gandido,2,Devil Jin,None,PR,Cano,0,Eddy Gordo,None,US,Gandido,None
Championship 2008,Tekken 5 DR,Semifinals,FT2,Lingmassacre,1,Xiaoyu,None,US,Gandido,2,Devil Jin,None,PR,Gandido,None
Championship 2008,Tekken 5 DR,Semifinals,FT2,Ryan Hart,2,Kazuya,None,UK,Dj Kor,1,Ganryu,None,US,Ryan Hart,None
Championship 2008,Tekken 5 DR,Winners Finals,FT3,Gandido,0,Devil Jin,None,PR,Ryan Hart,3,Kazuya,None,UK,Ryan Hart,None
Championship 2008,Tekken 5 DR,Grand Finals,FT3,Ryan Hart,3,Kazuya,None,UK,Gandido,2,Devil Jin,None,PR,Ryan Hart,None
Championship 2010,Tekken 6,Losers R1,FT2,Crow,0,Bob/Lars,None,US,Rip,2,Marshall Law,Level Up Your Game,US,Rip,Character Switch
Championship 2010,Tekken 6,Losers R1,FT2,Kor,0,Bob/Lars,None,US,JustFrameJames,2,Marshall Law,None,US,JustFrameJames,Character Switch
Championship 2010,Tekken 6,Losers R2,FT2,Devil Jim,2,Julia,None,US,JustFrameJames,1,Marshall Law,None,US,Devil Jim,None
Championship 2010,Tekken 6,Losers R2,FT2,Tokido,0,Bob,None,JP,Rip,2,Marshall Law,Level Up Your Game,US,Rip,None
Championship 2010,Tekken 6,Losers R3,FT2,Devil Jim,1,Julia,None,US,Rip,2,Marshall Law,Level Up Your Game,US,Rip,None
Championship 2010,Tekken 6,Losers Finals,FT2,Mr. NAPS (Jimmyjtran),0,Bryan/Bruce,compLexity Gaming,US,Rip,2,Marshall Law,Level Up Your Game,US,Rip,Character Switch
Championship 2010,Tekken 6,Semifinals,FT2,Nin,2,Steve,None,KR,Devil Jim,0,Julia,None,US,Nin,None
Championship 2010,Tekken 6,Semifinals,FT2,Tokido,0,Bob,None,JP,Mr. NAPS (Jimmyjtran),2,Bryan,compLexity Gaming,US,Mr. NAPS (Jimmyjtran),None
Championship 2010,Tekken 6,Winners Finals,FT2,Nin,2,Steve,None,KR,Mr. NAPS (Jimmyjtran),0,Bryan,compLexity Gaming,US,Nin,None
Championship 2010,Tekken 6,Grand Finals,FT3,Nin,3,Steve,None,KR,Rip,0,Marshall Law,Level Up Your Game,US,Nin,None
Championship 2011,Tekken 6,Losers R1,FT2,JustFrameJames,2,Marshall Law,CheckSix Gaming,US,Tokido,0,Bob,Mad Catz,JP,JustFrameJames,None
Championship 2011,Tekken 6,Losers R1,FT2,Crow,2,Bob,None,US,Ryan Hart,1,Kazuya,LowLandLions,UK,Crow,None
Championship 2011,Tekken 6,Losers R2,FT2,Kor,2,Bob,Dominion Method Gaming,US,Crow,1,Bob,None,US,Kor,None
Championship 2011,Tekken 6,Losers R2,FT2,Mr. NAPS (Jimmyjtran),0,Bryan,None,US,JustFrameJames,2,Marshall Law,CheckSix Gaming,US,JustFrameJames,None
Championship 2011,Tekken 6,Losers R3,FT2,Kor,2,Bob,Dominion Method Gaming,US,JustFrameJames,0,Marshall Law/Baek,CheckSix Gaming,US,Kor,Character Switch
Championship 2011,Tekken 6,Losers Finals,FT2,Rip,0,Marshall Law,Level Up Your Game,US,Kor,2,Bob,Dominion Method Gaming,US,Kor,None
Championship 2011,Tekken 6,Semifinals,FT2,Rip,2,Marshall Law,Level Up Your Game,US,Kor,0,Bob,Dominion Method Gaming,US,Rip,None
Championship 2011,Tekken 6,Semifinals,FT2,NYC Fab,2,Bob,None,US,Mr. NAPS (Jimmyjtran),0,Bryan,None,US,NYC Fab,None
Championship 2011,Tekken 6,Winners Finals,FT2,Rip,0,Marshall Law,Level Up Your Game,US,NYC Fab,2,Bob,None,US,NYC Fab,None
Championship 2011,Tekken 6,Grand Finals,FT3,NYC Fab,0,Bob/Miguel,None,US,Kor,3,Bob,Dominion Method Gaming,US,Kor,Character Switch
Championship 2011,Tekken 6,Grand Finals,FT3,NYC Fab,1,Bob/Miguel,None,US,Kor,3,Bob,Dominion Method Gaming,US,Kor,Character Switch
Championship 2013,Tekken Tag Tournament 2,Losers R1,FT2,Kayyal,2,Armor King/King,MoneyInc,US,EddieBoyMang,0,Eddy Gordo/Christie,MoneyInc,US,Kayyal,Tag Format
Championship 2013,Tekken Tag Tournament 2,Losers R1,FT2,Bronson Tran,2,Jack-6/Feng,Eightarc,US,Mateo,0,Jinpachi/Ogre,Eightarc,US,Bronson Tran,Tag Format
Championship 2013,Tekken Tag Tournament 2,Losers R2,FT2,Nin,2,Marduk/Steve,Team Cafeid,KR,Kayyal,0,Armor King/King,MoneyInc,US,Nin,Tag Format
Championship 2013,Tekken Tag Tournament 2,Losers R2,FT2,JustFrameJames,0,Marshall Law/Yoshimitsu,Afterglow Elite,US,Bronson Tran,2,Jinpachi/Ogre,Eightarc,US,Bronson Tran,Tag Format
Championship 2013,Tekken Tag Tournament 2,Losers R3,FT2,Nin,0,Marduk/Steve,Team Cafeid,KR,Bronson Tran,2,Jinpachi/Ogre,Eightarc,US,Bronson Tran,Tag Format
Championship 2013,Tekken Tag Tournament 2,Losers Finals,FT2,StringBean,0,Bob/Alisa,Afterglow Elite,US,Bronson Tran,2,Jinpachi/Ogre,Eightarc,US,Bronson Tran,Tag Format
Championship 2013,Tekken Tag Tournament 2,Semifinals,FT2,Knee,2,Lars/Devil Jin,Team Cafeid,KR,Nin,1,Marduk/Steve,Team Cafeid,KR,Knee,Tag Format
Championship 2013,Tekken Tag Tournament 2,Semifinals,FT2,StringBean,2,Bob/Alisa,Afterglow Elite,US,JustFrameJames,0,Marshall Law/Yoshimitsu,Afterglow Elite,US,StringBean,Tag Format
Championship 2013,Tekken Tag Tournament 2,Winners Finals,FT2,Knee,2,Lars/Devil Jin,Team Cafeid,KR,StringBean,0,Bob/Alisa,Afterglow Elite,US,Knee,Tag Format
Championship 2013,Tekken Tag Tournament 2,Grand Finals,FT3,Knee,3,Bruce/Devil Jin,Team Cafeid,KR,Bronson Tran,1,Jinpachi/Ogre,Eightarc,US,Knee,Tag Format
Championship 2014,Tekken Tag Tournament 2,Losers R1,FT2,Jimmyjtran,2,Dragunov/Bryan,None,US,JustFrameJames,0,Marshall Law/Yoshimitsu,None,US,Jimmyjtran,Tag Format
Championship 2014,Tekken Tag Tournament 2,Losers R1,FT2,Inkognito,2,Bryan/Bob,None,US,BMNS-13,0,Baek/Hwoarang,None,SA,Inkognito,Tag Format
Championship 2014,Tekken Tag Tournament 2,Losers R2,FT2,HOA,0,Jack-6/P.Jack,None,US,Jimmyjtran,2,Dragunov/Bryan,None,US,Jimmyjtran,Tag Format
Championship 2014,Tekken Tag Tournament 2,Losers R2,FT2,Gen Kids,2,Bob/Leo,Twitch,JP,Inkognito,0,Bryan/Bob,None,US,Gen Kids,Tag Format
Championship 2014,Tekken Tag Tournament 2,Losers R3,FT3,Jimmyjtran,0,Dragunov/Bryan,None,US,Gen Kids,2,Bob/Leo,Twitch,JP,Gen Kids,Tag Format
Championship 2014,Tekken Tag Tournament 2,Losers Finals,FT2,Ao,0,Miguel/Alisa,Black Eye,JP,Gen Kids,3,Bob/Leo,Twitch,JP,Gen Kids,Tag Format
Championship 2014,Tekken Tag Tournament 2,Semifinals,FT2,JDCR,2,Armor King/Heihachi,Twitch,KR,HOA,0,Jack-6/P. Jack,None,US,JDCR,Tag Format
Championship 2014,Tekken Tag Tournament 2,Semifinals,FT2,Ao,2,Miguel/Alisa,Black Eye,JP,Gen Kids,1,Bob/Leo,Twitch,JP,Ao,Tag Format
Championship 2014,Tekken Tag Tournament 2,Winners Finals,FT3,JDCR,3,Armor King/Heihachi,Twitch,KR,Ao,1,Miguel/Alisa,Black Eye,JP,JDCR,Tag Format
Championship 2014,Tekken Tag Tournament 2,Grand Finals,FT3,JDCR,3,Armor King/Heihachi,Twitch,KR,Gen Kids,2,Bob/Leo,Twitch,JP,JDCR,Tag Format
Championship 2015,Tekken 7,Losers R1,FT2,Take,2,Bryan,None,JP,Yuu,0,Feng,Otaku React Zest,JP,Take,None
Championship 2015,Tekken 7,Losers R1,FT2,Pekos,2,King,None,JP,Mr. NAPS (Jimmyjtran),0,Bryan,None,US,Pekos,None
Championship 2015,Tekken 7,Losers R2,FT2,Saint,2,Shaheen,Najin e-mFire,KR,Take,0,Bryan,None,JP,Saint,None
Championship 2015,Tekken 7,Losers R2,FT2,JDCR,2,Heihachi,Najin e-mFire,KR,Pekos,1,King,None,JP,JDCR,None
Championship 2015,Tekken 7,Losers R3,FT2,Saint,2,Shaheen,Najin e-mFire,KR,JDCR,1,Heihachi,Najin e-mFire,KR,Saint,None
Championship 2015,Tekken 7,Losers Finals,FT3,Nobi,3,Dragunov,Otaku React Zest,JP,Saint,2,Shaheen,Najin e-mFire,KR,Nobi,None
Championship 2015,Tekken 7,Semifinals,FT2,Nobi,2,Dragunov,Otaku React Zest,JP,Saint,1,Shaheen,Najin e-mFire,KR,Nobi,None
Championship 2015,Tekken 7,Semifinals,FT2,Ao,2,Alisa,Black Eye,JP,JDCR,0,Heihachi,Najin e-mFire,KR,Ao,None
Championship 2015,Tekken 7,Winners Finals,FT3,Nobi,2,Dragunov,Otaku React Zest,JP,Ao,3,Alisa,Black Eye,JP,Ao,None
Championship 2015,Tekken 7,Grand Finals,FT3,Ao,2,Alisa,Black Eye,JP,Nobi,3,Dragunov,Otaku React Zest,JP,Nobi,Reset
Championship 2015,Tekken 7,Grand Finals,FT3,Ao,2,Alisa,Black Eye,JP,Nobi,3,Dragunov,Otaku React Zest,JP,Nobi,None
Championship 2016,Tekken 7,Losers R1,FT2,Take,1,Bryan,None,JP,Nobi,2,Dragunov,YAMASA,JP,Nobi,None
Championship 2016,Tekken 7,Losers R1,FT2,narakhof,2,Claudio,None,KR,Speedkicks,0,Hwoarang,Circa eSports,US,narakhof,None
Championship 2016,Tekken 7,Losers R2,FT2,Geesemaster,2,Feng,None,US,Nobi,0,Dragunov,YAMASA,JP,Geesemaster,None
Championship 2016,Tekken 7,Losers R2,FT2,Knee,2,Heihachi,None,KR,narakhof,0,Claudio,None,KR,Knee,None
Championship 2016,Tekken 7,Losers R3,FT2,Geesemaster,0,Feng,None,US,Knee,2,Bryan,None,KR,Knee,None
Championship 2016,Tekken 7,Losers Finals,FT3,Poongko,0,Akuma,Team Secret,KR,Knee,3,Bryan,None,KR,Knee,None
Championship 2016,Tekken 7,Semifinals,FT2,Saint,2,Jack-7,None,KR,Knee,0,Bryan,None,KR,Saint,None
Championship 2016,Tekken 7,Semifinals,FT2,Geesemaster,1,Feng,None,US,Poongko,2,Akuma,Team Secret,KR,Poongko,None
Championship 2016,Tekken 7,Winners Finals,FT3,Saint,3,Jack-7,None,KR,Poongko,0,Akuma,Team Secret,KR,Saint,None
Championship 2016,Tekken 7,Grand Finals,FT3,Saint,3,Jack-7,None,KR,Knee,2,Bryan,None,KR,Saint,None
Championship 2017,Tekken 7,Losers R1,FT2,Saint,2,Jack-7,Echo Fox,KR,Suiken,0,Eliza,None,US,Saint,None
Championship 2017,Tekken 7,Losers R1,FT2,Take,0,Kazumi,YAMASA,JP,Taisei,2,Steve,None,JP,Taisei,None
Championship 2017,Tekken 7,Losers R2,FT2,Jeondding,0,Lucky Chloe/Eddy Gordo,None,KR,Saint,2,Jack-7,Echo Fox,KR,Saint,Character Switch
Championship 2017,Tekken 7,Losers R2,FT2,Anakin,0,Jack-7,StreamMe,US,Taisei,2,Steve,None,JP,Taisei,None
Championship 2017,Tekken 7,Losers R3,FT2,Saint,2,Jack-7,Echo Fox,KR,Taisei,0,Steve,None,JP,Saint,None
Championship 2017,Tekken 7,Losers Finals,FT3,Knee,0,Bryan/Devil Jin,None,KR,Saint,3,Jack-7,Echo Fox,KR,Saint,Character Switch
Championship 2017,Tekken 7,Semifinals,FT2,Knee,2,Feng,None,KR,Anakin,0,Jack-7,StreamMe,US,Knee,None
Championship 2017,Tekken 7,Semifinals,FT2,JDCR,2,Heihachi,Echo Fox,KR,Jeondding,1,Eddy Gordo,None,KR,JDCR,None
Championship 2017,Tekken 7,Winners Finals,FT3,Knee,1,Steve,None,KR,JDCR,3,Dragunov,Echo Fox,KR,JDCR,None
Championship 2017,Tekken 7,Grand Finals,FT3,JDCR,0,Heihachi/Dragunov,Echo Fox,KR,Saint,3,Jack-7,Echo Fox,KR,Saint,Character Switch/Reset
Championship 2017,Tekken 7,Grand Finals,FT3,JDCR,3,Dragunov,Echo Fox,KR,Saint,1,Jack-7,Echo Fox,KR,Saint,None
Championship 2018,Tekken 7,Losers R1,FT2,Rangchu,2,Panda,Fursan Esports,KR,Noroma,0,Jack-7,COOASGAMES,JP,Rangchu,None
Championship 2018,Tekken 7,Losers R1,FT2,Chirichiri,1,Shaheen,AMD,JP,Book,2,Jin,Alpha Red,TH,Book,None
Championship 2018,Tekken 7,Losers R2,FT2,Qudans,2,Devil Jin,UYU,KR,Rangchu,0,Panda,Fursan Esports,KR,Qudans,None
Championship 2018,Tekken 7,Losers R2,FT2,JDCR,2,Dragunov,Echo Fox,KR,Book,0,Jin,Alpha Red,TH,JDCR,None
Championship 2018,Tekken 7,Losers R3,FT2,Qudans,2,Devil Jin,UYU,KR,JDCR,0,Dragunov,Echo Fox,KR,Qudans,None
Championship 2018,Tekken 7,Losers Finals,FT3,Lil Majin,0,King,InTheSkies,US,Qudans,3,Devil jin,UYU,KR,Qudans,None
Championship 2018,Tekken 7,Semifinals,FT2,JDCR,1,Dragunov,Echo Fox,KR,Lil Majin,2,King,InTheSkies,US,Lil Majin,None
Championship 2018,Tekken 7,Semifinals,FT2,LowHigh,2,Shaheen,Fursan Esports,KR,Qudans,1,Devil jin,UYU,KR,LowHigh,None
Championship 2018,Tekken 7,Winners Finals,FT3,Lil Majin,1,King,InTheSkies,US,LowHigh,3,Shaheen,Fursan Esports,KR,LowHigh,None
Championship 2018,Tekken 7,Grand Finals,FT3,LowHigh,1,Shaheen,Fursan Esports,KR,Qudans,3,Devil Jin,UYU,KR,Qudans,Reset
Championship 2018,Tekken 7,Grand Finals,FT3,LowHigh,3,Shaheen,Fursan Esports,KR,Qudans,0,Devil Jin,UYU,KR,Qudans,None
Japan 2018,Tekken 7,Losers R1,FT2,LowHigh,0,Shaheen/Marshall Law,Fursan Esports,KR,Noroma,2,Jack-7,COOASGAMES,JP,Noroma,Character Switch
Japan 2018,Tekken 7,Losers R1,FT2,Take,0,Kazumi,YAMASA,JP,Saint,2,Jack-7,Echo Fox,KR,Saint,None
Japan 2018,Tekken 7,Losers R2,FT2,Chanel,2,Alisa,ROX Gaming,KR,Noroma,1,Jack-7,COOASGAMES,JP,Chanel,None
Japan 2018,Tekken 7,Losers R2,FT2,Ulsan,1,Kazumi,None,KR,Saint,2,Jack-7,Echo Fox,KR,Saint,None
Japan 2018,Tekken 7,Losers R3,FT2,Chanel,2,Alisa,ROX Gaming,KR,Saint,1,Jack-7,Echo Fox,KR,Chanel,None
Japan 2018,Tekken 7,Losers Finals,FT3,Gura,2,Geese Howard/Lili,NIGHTMARE,KR,Chanel,3,Eliza/Alisa,ROX Gaming,KR,Chanel,Character Switch
Japan 2018,Tekken 7,Semifinals,FT2,Gura,2,Geese Howard,NIGHTMARE,KR,Ulsan,0,Kazumi,None,KR,Gura,None
Japan 2018,Tekken 7,Semifinals,FT2,Chanel,0,Eliza/Alisa,ROX Gaming,KR,Knee,2,Paul,ROX Gaming,KR,Knee,Character Switch
Japan 2018,Tekken 7,Winners Finals,FT3,Gura,2,Geese Howard/Lili,NIGHTMARE,KR,Knee,3,Paul,ROX Gaming,KR,Knee,Character Switch
Japan 2018,Tekken 7,Grand Finals,FT3,Knee,2,Bryan,ROX Gaming,KR,Chanel,3,Akuma/Eliza/Alisa,ROX Gaming,KR,Chanel,Character Switch/Reset
Japan 2018,Tekken 7,Grand Finals,FT3,Knee,3,Bryan/Steve,ROX Gaming,KR,Chanel,1,Alisa/Lucky Chloe/Eliza,ROX Gaming,KR,Knee,Character Switch
Championship 2019,Tekken 7,Losers R1,FT2,LowHigh,1,Shaheen,UYU,KR,Nobi,2,Dragunov,YAMASA,JP,Nobi,None
Championship 2019,Tekken 7,Losers R1,FT2,Noroma,2,Steve,COOASGAMES,JP,Chikurin,0,Bryan,THY Esports,JP,Noroma,None
Championship 2019,Tekken 7,Losers R2,FT2,Knee,2,Steve,ROX Dragons,KR,Nobi,0,Steve/Dragunov,YAMASA,JP,Knee,Character Switch
Championship 2019,Tekken 7,Losers R2,FT2,Take,2,Kazumi,YAMASA,JP,Noroma,1,Steve,COOASGAMES,JP,Take,None
Championship 2019,Tekken 7,Losers R3,FT2,Knee,2,Steve,ROX Dragons,KR,Take,0,Kazumi,YAMASA,JP,Knee,None
Championship 2019,Tekken 7,Losers Finals,FT3,Anakin,2,Jack-7,Radiance/Red Bull Esports,US,Knee,3,Paul,ROX Dragons,KR,Knee,None
Championship 2019,Tekken 7,Semifinals,FT2,Anakin,2,Jack-7,Radiance/Red Bull Esports,US,Take,0,Kazumi,YAMASA,JP,Anakin,None
Championship 2019,Tekken 7,Semifinals,FT2,Arslan Ash,2,Kazumi,vSlash Esports,PK,Knee,1,Geese Howard,ROX Dragons,KR,Arslan Ash,None
Championship 2019,Tekken 7,Winners Finals,FT3,Anakin,0,Jack-7,Radiance/Red Bull Esports,US,Arslan Ash,3,Geese Howard,vSlash Esports,PK,Arslan Ash,None
Championship 2019,Tekken 7,Grand Finals,FT3,Arslan Ash,3,Kazumi,vSlash Esports,PK,Knee,2,Kazuya/Devil Jin,ROX Dragons,KR,Arslan Ash,Character Switch
Japan 2019,Tekken 7,Losers R1,FT2,Arslan Ash,2,Kazumi,vSlash Esports,PK,Book,0,Jin,Walker Gaming,TH,Arslan Ash,None
Japan 2019,Tekken 7,Losers R1,FT2,Saint,1,Jack-7,None,KR,Chikurin,2,Geese Howard,THY Esports,JP,Chikurin,None
Japan 2019,Tekken 7,Losers R2,FT2,Jimmyjtran,1,Bryan,Walker Gaming,US,Arslan Ash,2,Kazumi,vSlash Esports,PK,Arslan Ash,None
Japan 2019,Tekken 7,Losers R2,FT2,Destiny,1,Geese Howard,None,KR,Chikurin,2,Jin Kazama,THY Esports,JP,Chikurin,None
Japan 2019,Tekken 7,Losers R3,FT2,Arslan Ash,2,Kazumi,vSlash Esports,PK,Chikurin,0,Geese Howard,THY Esports,JP,Arslan Ash,None
Japan 2019,Tekken 7,Losers Finals,FT3,CherryBerryMango,2,Jin Kazama,None,KR,Arslan Ash,3,Kazumi,vSlash Esports,PK,Arslan Ash,None
Japan 2019,Tekken 7,Semifinals,FT2,CherryBerryMango,2,Jin Kazama,None,KR,Destiny,0,Asuka/Akuma,None,KR,CherryBerryMango,Character Switch
Japan 2019,Tekken 7,Semifinals,FT2,AK,2,Shaheen,PlayBook Esports,PH,Jimmyjtran,1,Bryan,Walker Gaming,US,AK,None
Japan 2019,Tekken 7,Winners Finals,FT3,CherryBerryMango,2,Jin Kazama,None,KR,AK,3,Shaheen,PlayBook Esports,PH,AK,None
Japan 2019,Tekken 7,Grand Finals,FT3,AK,0,Shaheen,PlayBook Esports,PH,Arslan Ash,3,Kazumi,vSlash Esports,PK,Arslan Ash,Reset
Japan 2019,Tekken 7,Grand Finals,FT3,AK,1,Shaheen/Paul,PlayBook Esports,PH,Arslan Ash,3,Kazumi,vSlash Esports,PK,Arslan Ash,Character Switch
Japan 2020,Tekken 7,Losers R1,FT2,Noroma,2,Leroy,COOASGAMES,JP,Masa,1,Leroy,None,JP,Noroma,None
Japan 2020,Tekken 7,Losers R1,FT2,Ulsan,2,Bob/Kazumi,Equinox Gaming,KR,Zeugal,1,Leroy,None,JP,Ulsan,Character Switch
Japan 2020,Tekken 7,Losers R2,FT2,Gen,0,Leroy/Shaheen,Team Liquid,JP,Noroma,2,Leroy,COOASGAMES,JP,Noroma,Character Switch
Japan 2020,Tekken 7,Losers R2,FT2,Chikurin,0,Leroy,THY Esports,JP,Ulsan,2,Bob,Equinox Gaming,KR,Ulsan,None
Japan 2020,Tekken 7,Losers R3,FT2,Noroma,2,Leroy,COOASGAMES,JP,Ulsan,0,Bob/Kazumi,Equinox Gaming,KR,Noroma,Character Switch
Japan 2020,Tekken 7,Losers Finals,FT3,Mikio,3,Julia,ITO,JP,Noroma,2,Leroy/Steve,COOASGAMES,JP,Mikio,Character Switch
Japan 2020,Tekken 7,Semifinals,FT2,Chikurin,1,Leroy,THY Esports,JP,Mikio,2,Julia,ITO,JP,Mikio,None
Japan 2020,Tekken 7,Semifinals,FT2,Book,2,Leroy,Talon Esports,TH,Gen,1,Leroy,Team Liquid,JP,Book,None
Japan 2020,Tekken 7,Winners Finals,FT3,Mikio,2,Julia,ITO,JP,Book,3,Leroy,Talon Esports,TH,Book,None
Japan 2020,Tekken 7,Grand Finals,FT3,Book,3,Leroy,Talon Esports,TH,Mikio,2,Julia,ITO,JP,Book,None
Championship 2022,Tekken 7,Losers R1,FT2,Jeondding,2,Julia,DH.CNJ esports,KR,Rangchu,0,Julia/Panda,Donuts USG,KR,Jeondding,Character Switch
Championship 2022,Tekken 7,Losers R1,FT2,Arslan Ash,2,Zafina,Fate eSports/Red Bull eSports,PK,PINYA,0,Master Raven,Donuts USG,JP,Arslan Ash,None
Championship 2022,Tekken 7,Losers R2,FT2,Meo-IL,0,Geese Howard,KWANGDONG FREECS,KR,Jeondding,2,Eddy Gordo,DH.CNJ esports,KR,Jeondding,None
Championship 2022,Tekken 7,Losers R2,FT2,Super Akouma,0,Akuma,CRaZY Esport/Hit Box Arcade,FR,Arslan Ash,2,Zafina,Fate eSports/Red Bull eSports,PK,Arslan Ash,None
Championship 2022,Tekken 7,Losers R3,FT2,Jeondding,0,Eddy Gordo,DH.CNJ esports,KR,Arslan Ash,2,Zafina,Fate eSports/Red Bull eSports,PK,Arslan Ash,None
Championship 2022,Tekken 7,Losers Finals,FT3,KHAN,3,Geese Howard,Fate eSports,PK,Arslan Ash,1,Zafina,Fate eSports/Red Bull eSports,PK,Arslan Ash,None
Championship 2022,Tekken 7,Semifinals,FT2,KHAN,2,Geese Howard,Fate eSports,PK,Super Akouma,1,Akuma,CRaZY Esport/Hit Box Arcade,FR,KHAN,None
Championship 2022,Tekken 7,Semifinals,FT2,Meo-IL,0,Geese Howard,KWANGDONG FREECS,KR,Knee,2,Feng,DRX,KR,Knee,None
Championship 2022,Tekken 7,Winners Finals,FT3,KHAN,1,Geese Howard,Fate eSports,PK,Knee,3,Feng,DRX,KR,Knee,None
Championship 2022,Tekken 7,Grand Finals,FT3,Knee,3,Feng,DRX,KR,KHAN,1,Geese Howard,Fate eSports,PK,Knee,None
Championship 2023,Tekken 7,Losers R1,FT2,Meo-IL,2,Geese Howard,KWANGDONG FREECS,KR,Nobi,1,Feng,YAMASA,JP,Meo-IL,None
Championship 2023,Tekken 7,Losers R1,FT2,Anakin,2,Jack-7,Red Bull eSports,US,Doujin,0,Leroy/Kazumi,PlayBook Esports,PH,Anakin,Character Switch
Championship 2023,Tekken 7,Losers R2,FT2,Genghis D0n,2,Katarina,Too Ugly Esports,US,Meo-IL,0,Geese Howard,KWANGDONG FREECS,KR,Genghis D0n,None
Championship 2023,Tekken 7,Losers R2,FT2,Ulsan,2,Bob,KWANGDONG FREECS,KR,Anakin,1,Jack-7,Red Bull eSports,US,Ulsan,None
Championship 2023,Tekken 7,Losers R3,FT2,Genghis D0n,1,Katarina,Too Ugly Esports,US,Ulsan,2,Bob,KWANGDONG FREECS,KR,Ulsan,None
Championship 2023,Tekken 7,Losers Finals,FT3,Ao,3,Kunimitsu,GyoGun,JP,Ulsan,1,Feng/Kazumi,KWANGDONG FREECS,KR,Ao,Character Switch
Championship 2023,Tekken 7,Semifinals,FT2,Ulsan,1,Bob,KWANGDONG FREECS,KR,Arslan Ash,2,Kunimitsu,Twisted Minds,PK,Arslan Ash,None
Championship 2023,Tekken 7,Semifinals,FT2,Ao,2,Kunimitsu,GyoGun,JP,Genghis D0n,1,Katarina,Too Ugly Esports,US,Ao,None
Championship 2023,Tekken 7,Winners Finals,FT3,Arslan Ash,3,Kunimitsu,Twisted Minds,PK,Ao,1,Kunimitsu,GyoGun,JP,Arslan Ash,None
Championship 2023,Tekken 7,Grand Finals,FT3,Arslan Ash,3,Kunimitsu,Twisted Minds,PK,Ao,0,Kunimitsu,GyoGun,JP,Arslan Ash,None
Japan 2023,Tekken 7,Losers R1,FT2,Saint,1,Jack-7,None,KR,LowHigh,2,Shaheen,UYU,KR,LowHigh,None
Japan 2023,Tekken 7,Losers R1,FT2,Watanabe,2,Eliza,None,JP,Mulgold,1,Claudio,SPIRITZERO,KR,Watanabe,None
Japan 2023,Tekken 7,Losers R2,FT2,Meo-IL,2,Geese Howard,KWANGDONG FREECS,KR,LowHigh,0,Shaheen,UYU,KR,Meo-IL,None
Japan 2023,Tekken 7,Losers R2,FT2,gken,0,Josie,None,JP,Watanabe,2,Eliza,None,JP,Watanabe,None
Japan 2023,Tekken 7,Losers R3,FT2,Meo-IL,2,Geese Howard,KWANGDONG FREECS,KR,Watanabe,1,Eliza,None,JP,Meo-IL,None
Japan 2023,Tekken 7,Losers Finals,FT3,Rangchu,1,Julia,VARREL,KR,Meo-IL,3,Geese Howard,KWANGDONG FREECS,KR,Meo-IL,None
Japan 2023,Tekken 7,Semifinals,FT2,gken,0,Josie,None,JP,Rangchu,2,Julia,VARREL,KR,Rangchu,None
Japan 2023,Tekken 7,Semifinals,FT2,Meo-IL,1,Geese Howard,KWANGDONG FREECS,KR,Arslan Ash,2,Zafina,Twisted Minds/Red Bull eSports,PK,Arslan Ash,None
Japan 2023,Tekken 7,Winners Finals,FT3,Rangchu,2,Panda,VARREL,KR,Arslan Ash,3,Zafina,Twisted Minds/Red Bull eSports,PK,Arslan Ash,None
Japan 2023,Tekken 7,Grand Finals,FT3,Arslan Ash,3,Zafina,Twisted Minds/Red Bull eSports,PK,Meo-IL,0,Geese Howard,KWANGDONG FREECS,KR,Arslan Ash,None
Championship 2024,Tekken 8,Losers R1,FT2,JDCR,0,Dragunov,Karmine Corp,KR,Nobi,2,Dragunov,YAMASA,JP,Nobi,None
Championship 2024,Tekken 8,Losers R1,FT2,CBM,1,Jin Kazama,KWANGDONG FREECS,KR,Ulsan,2,Dragunov,KWANGDONG FREECS,KR,Ulsan,None
Championship 2024,Tekken 8,Losers R2,FT2,Raef,0,Jin Kazama,Dragons Esports,SA,Nobi,2,Dragunov,YAMASA,JP,Nobi,None
Championship 2024,Tekken 8,Losers R2,FT2,KEISUKE,1,Kazuya,ZETA DIVISION,JP,Ulsan,2,Dragunov,KWANGDONG FREECS,KR,Ulsan,None
Championship 2024,Tekken 8,Losers R3,FT2,Nobi,2,Dragunov,YAMASA,JP,Ulsan,0,Reina,KWANGDONG FREECS,KR,Nobi,None
Championship 2024,Tekken 8,Losers Finals,FT3,ATIF,3,Dragunov,Team Falcons,PK,Nobi,0,Dragunov,YAMASA,JP,ATIF,None
Championship 2024,Tekken 8,Semifinals,FT2,KEISUKE,0,Kazuya,ZETA DIVISION,JP,ATIF,2,Dragunov,Team Falcons,PK,ATIF,None
Championship 2024,Tekken 8,Semifinals,FT2,Arslan Ash,2,Nina,Twisted Minds/Red Bull eSports,PK,Raef,0,Jin Kazama,Dragons Esports,SA,Arslan Ash,None
Championship 2024,Tekken 8,Winners Finals,FT3,ATIF,1,Dragunov,Team Falcons,PK,Arslan Ash,3,Nina,Twisted Minds/Red Bull eSports,PK,Arslan Ash,None
Championship 2024,Tekken 8,Grand Finals,FT3,Arslan Ash,3,Nina,Twisted Minds/Red Bull eSports,PK,ATIF,2,Dragunov/Feng,Team Falcons,PK,Arslan Ash,Character Switch
Japan 2024,Tekken 8,Losers R1,FT2,double,2,Marshall Law,None,JP,Jeondding,0,Eddy Gordo,Team Vitality,KR,double,None
Japan 2024,Tekken 8,Losers R1,FT2,Tekken Master,0,Eddy Gordo,NASR eSports,BH,Mangja,2,Marshall Law,None,KR,Mangja,None
Japan 2024,Tekken 8,Losers R2,FT2,Chanel,2,Alisa,DRX,KR,double,1,Marshall Law,None,JP,Chanel,None
Japan 2024,Tekken 8,Losers R2,FT2,Infested,0,Nina,DRX,KR,Mangja,2,Marshall Law,None,KR,Mangja,None
Japan 2024,Tekken 8,Losers R3,FT2,Chanel,2,Alisa,DRX,KR,Mangja,1,Marshall Law,None,KR,Chanel,None
Japan 2024,Tekken 8,Losers Finals,FT3,LowHigh,3,Dragunov,DRX,KR,Chanel,1,Zafina/Alisa,DRX,KR,LowHigh,Character Switch
Japan 2024,Tekken 8,Semifinals,FT2,Infested,1,Nina,DRX,KR,LowHigh,2,Dragunov,DRX,KR,LowHigh,None
Japan 2024,Tekken 8,Semifinals,FT2,Chikurin,2,Lily,THY Esports,JP,Chanel,0,Alisa,DRX,KR,Chikurin,None
Japan 2024,Tekken 8,Winners Finals,FT3,LowHigh,1,Dragunov,DRX,KR,Chikurin,3,Lily,THY Esports,JP,Chikurin,None
Japan 2024,Tekken 8,Grand Finals,FT3,Chikurin,3,Lily,THY Esports,JP,LowHigh,0,Steve/Dragunov,DRX,KR,Chikurin,Character Switch
